[
  {
    "value": "Alphabet",
    "synonyms": [
      "Alphabet",
      "position alphabet"
    ]
  },
  {
    "value": "Cube",
    "synonyms": [
      "Cube",
      "cube"
    ]
  },
  {
    "value": "Square",
    "synonyms": [
      "Square",
      "carré"
    ]
  },
  {
    "value": "Cube Root",
    "synonyms": [
      "Cube Root",
      "racine cubique",
      "racine cube"
    ]
  },
  {
    "value": "Square Root",
    "synonyms": [
      "Square Root",
      "racine carré"
    ]
  },
  {
    "value": "Mental Math 1",
    "synonyms": [
      "Mental Math 1",
      "calcul mental 1",
      "calcul mental niveau 1",
      "calcul niveau 1"
    ]
  },
  {
    "value": "Mental Math 2",
    "synonyms": [
      "Mental Math 2",
      "calcul mental 2",
      "calcul mental niveau 2",
      "calcul niveau 2"
    ]
  }
]