[
  {
    "id": "51801bce-aaac-4af4-af8e-e9589c297637",
    "data": [
      {
        "text": "jouer à ",
        "userDefined": false
      },
      {
        "text": "racine cubique",
        "alias": "AvailableGames",
        "meta": "@AvailableGames",
        "userDefined": false
      }
    ],
    "isTemplate": false,
    "count": 0,
    "updated": 1535545867
  },
  {
    "id": "e2a41357-16c4-4256-8a43-f31e9453de5e",
    "data": [
      {
        "text": "jouer à ",
        "userDefined": false
      },
      {
        "text": "racine carrée",
        "alias": "AvailableGames",
        "meta": "@AvailableGames",
        "userDefined": false
      }
    ],
    "isTemplate": false,
    "count": 0,
    "updated": 1535545867
  },
  {
    "id": "7ad90ab5-c143-403c-881b-938ca4b64133",
    "data": [
      {
        "text": "jouer à ",
        "userDefined": false
      },
      {
        "text": "carré",
        "alias": "AvailableGames",
        "meta": "@AvailableGames",
        "userDefined": false
      }
    ],
    "isTemplate": false,
    "count": 1,
    "updated": 1535029038
  },
  {
    "id": "f74e1cfc-3389-4ca4-9500-a24d57f398e0",
    "data": [
      {
        "text": "jouer à ",
        "userDefined": false
      },
      {
        "text": "alphabet",
        "alias": "AvailableGames",
        "meta": "@AvailableGames",
        "userDefined": false
      }
    ],
    "isTemplate": false,
    "count": 0,
    "updated": 1535029038
  },
  {
    "id": "38ddd77c-d1a1-4a1d-aa75-02a92fa00e2e",
    "data": [
      {
        "text": "play ",
        "userDefined": false
      },
      {
        "text": "alphabet",
        "alias": "AvailableGames",
        "meta": "@AvailableGames",
        "userDefined": false
      }
    ],
    "isTemplate": false,
    "count": 0,
    "updated": 1535029038
  },
  {
    "id": "9a1b3ace-7584-476a-8a4f-9b7f0e5a2dd0",
    "data": [
      {
        "text": "play ",
        "userDefined": false
      },
      {
        "text": "cube",
        "alias": "AvailableGames",
        "meta": "@AvailableGames",
        "userDefined": false
      }
    ],
    "isTemplate": false,
    "count": 0,
    "updated": 1535029038
  },
  {
    "id": "3273ed07-2e3c-47c9-93c2-730b8e84b255",
    "data": [
      {
        "text": "cube",
        "alias": "AvailableGames",
        "meta": "@AvailableGames",
        "userDefined": false
      }
    ],
    "isTemplate": false,
    "count": 0,
    "updated": 1535029038
  }
]