[
  {
    "id": "8edd5610-9887-45b7-82c0-a337d0fbbf79",
    "data": [
      {
        "text": "Ouvrir Logic Training",
        "userDefined": false
      }
    ],
    "isTemplate": false,
    "count": 0,
    "updated": 1535363502
  },
  {
    "id": "ab64c6ab-4047-465e-8323-aac3e02fe3e9",
    "data": [
      {
        "text": "Jouer à Logic Training",
        "userDefined": false
      }
    ],
    "isTemplate": false,
    "count": 0,
    "updated": 1535363502
  },
  {
    "id": "f2648720-2077-402c-829e-4e35d52f6795",
    "data": [
      {
        "text": "Jouer avec Logic Training",
        "userDefined": false
      }
    ],
    "isTemplate": false,
    "count": 0,
    "updated": 1535363502
  },
  {
    "id": "7f92f05d-0480-4c2c-8476-28bbb2b5cce8",
    "data": [
      {
        "text": "Parler avec Logic ",
        "userDefined": false
      },
      {
        "text": "Training",
        "meta": "@sys.ignore",
        "userDefined": true
      }
    ],
    "isTemplate": false,
    "count": 0,
    "updated": 1535363502
  }
]