[
  {
    "id": "26455960-1706-4b87-a60b-7649219176de",
    "data": [
      {
        "text": "7",
        "alias": "answer",
        "meta": "@sys.number",
        "userDefined": false
      }
    ],
    "isTemplate": false,
    "count": 0,
    "updated": 1535030493
  },
  {
    "id": "4e2ac34c-c91e-42f3-ba9f-d6bb081d3fd1",
    "data": [
      {
        "text": "3",
        "alias": "answer",
        "meta": "@sys.number",
        "userDefined": false
      }
    ],
    "isTemplate": false,
    "count": 0,
    "updated": 1535030493
  },
  {
    "id": "18d1c5fd-071e-4bec-a745-25a3b475ff4e",
    "data": [
      {
        "text": "2",
        "alias": "answer",
        "meta": "@sys.number",
        "userDefined": false
      }
    ],
    "isTemplate": false,
    "count": 0,
    "updated": 1535030493
  },
  {
    "id": "b654f165-8bb2-4d1e-bb36-0d888b075bdc",
    "data": [
      {
        "text": "5",
        "alias": "answer",
        "meta": "@sys.number",
        "userDefined": false
      }
    ],
    "isTemplate": false,
    "count": 0,
    "updated": 1535030493
  },
  {
    "id": "3eeb8753-0c12-4935-a925-d15fc9314a21",
    "data": [
      {
        "text": "4",
        "alias": "answer",
        "meta": "@sys.number",
        "userDefined": false
      }
    ],
    "isTemplate": false,
    "count": 0,
    "updated": 1535030493
  },
  {
    "id": "9d359456-050d-4480-b716-32783668c546",
    "data": [
      {
        "text": "6",
        "alias": "answer",
        "meta": "@sys.number",
        "userDefined": false
      }
    ],
    "isTemplate": false,
    "count": 0,
    "updated": 1535030493
  },
  {
    "id": "e5725093-3c87-43df-b028-42e13680cab9",
    "data": [
      {
        "text": "8",
        "alias": "answer",
        "meta": "@sys.number",
        "userDefined": false
      }
    ],
    "isTemplate": false,
    "count": 1,
    "updated": 1535030493
  },
  {
    "id": "c2a796f4-100c-457f-953f-9c78e2f3e776",
    "data": [
      {
        "text": "20",
        "alias": "answer",
        "meta": "@sys.number",
        "userDefined": false
      }
    ],
    "isTemplate": false,
    "count": 0,
    "updated": 1535030493
  }
]