[
  {
    "id": "67b8347e-2828-486f-85d8-7df10026b027",
    "data": [
      {
        "text": "quels jeux sont disponibles ?",
        "userDefined": false
      }
    ],
    "isTemplate": false,
    "count": 1,
    "updated": 1535545957
  },
  {
    "id": "9df5dd3c-598c-4936-9e20-6cfac8447641",
    "data": [
      {
        "text": "aide",
        "userDefined": false
      }
    ],
    "isTemplate": false,
    "count": 4,
    "updated": 1535544718
  },
  {
    "id": "af542ad1-624a-4018-bca4-0372b0b58e61",
    "data": [
      {
        "text": "présente toi",
        "userDefined": false
      }
    ],
    "isTemplate": false,
    "count": 1,
    "updated": 1535544718
  },
  {
    "id": "ed3b3722-c813-4f4a-80aa-cb80b9ba4434",
    "data": [
      {
        "text": "que sais-tu faire ?",
        "userDefined": false
      }
    ],
    "isTemplate": false,
    "count": 1,
    "updated": 1535544718
  },
  {
    "id": "c5a320d6-9714-4c60-a58c-4f9439ecfa6b",
    "data": [
      {
        "text": "help",
        "userDefined": false
      }
    ],
    "isTemplate": false,
    "count": 1,
    "updated": 0
  },
  {
    "id": "b04ec2f4-9baa-456d-99cd-a1562d4d6373",
    "data": [
      {
        "text": "à quels jeux puis-je jouer",
        "userDefined": false
      }
    ],
    "isTemplate": false,
    "count": 0,
    "updated": 0
  },
  {
    "id": "138a7500-6b1b-4fa6-800c-a55f2b2a7110",
    "data": [
      {
        "text": "quels sont les jeux disponibles",
        "userDefined": false
      }
    ],
    "isTemplate": false,
    "count": 0,
    "updated": 0
  },
  {
    "id": "0c98a3c9-d7a0-4f2f-9dd7-d794edac34d0",
    "data": [
      {
        "text": "quels sont les jeux dispo",
        "userDefined": false
      }
    ],
    "isTemplate": false,
    "count": 0,
    "updated": 0
  },
  {
    "id": "1592c4e8-bbb3-401c-9963-9f7e1fdc22ae",
    "data": [
      {
        "text": "quels sont les jeux ?",
        "userDefined": false
      }
    ],
    "isTemplate": false,
    "count": 1,
    "updated": 1535544718
  },
  {
    "id": "a5bfb261-5f84-4305-8f13-40f6cd5db4fa",
    "data": [
      {
        "text": "quels jeux",
        "userDefined": false
      }
    ],
    "isTemplate": false,
    "count": 0,
    "updated": 0
  },
  {
    "id": "4b49f863-1b13-45d9-babd-c7fb8da3f78b",
    "data": [
      {
        "text": "faire des courses",
        "userDefined": false
      }
    ],
    "isTemplate": false,
    "count": 0,
    "updated": 0
  },
  {
    "id": "30a86436-6e1e-489c-a601-13806b5cb1f7",
    "data": [
      {
        "text": "aide ",
        "userDefined": false
      },
      {
        "text": "moi",
        "meta": "@sys.ignore",
        "userDefined": false
      }
    ],
    "isTemplate": false,
    "count": 1,
    "updated": 1535545666
  },
  {
    "id": "c2ab393f-47e4-4894-b8ab-fb271258d0b4",
    "data": [
      {
        "text": "présentation",
        "userDefined": false
      }
    ],
    "isTemplate": false,
    "count": 0,
    "updated": 1535545666
  },
  {
    "id": "1b356176-d0a2-4733-b105-82b614bff550",
    "data": [
      {
        "text": "présente ",
        "userDefined": false
      },
      {
        "text": "moi",
        "meta": "@sys.ignore",
        "userDefined": false
      },
      {
        "text": " les différents jeux",
        "userDefined": false
      }
    ],
    "isTemplate": false,
    "count": 0,
    "updated": 1535544718
  },
  {
    "id": "b6acef30-29fe-4f03-985f-a676678bcab4",
    "data": [
      {
        "text": "à quoi puis-je jouer ?",
        "userDefined": false
      }
    ],
    "isTemplate": false,
    "count": 0,
    "updated": 1535544718
  },
  {
    "id": "ca971fe8-f3fb-44b2-aa3b-3785507f078e",
    "data": [
      {
        "text": "quels jeux sont possibles ?",
        "userDefined": false
      }
    ],
    "isTemplate": false,
    "count": 0,
    "updated": 1535544718
  },
  {
    "id": "a717414e-2a8e-4efe-aedf-9ed45c34179b",
    "data": [
      {
        "text": "que peux-tu faire ?",
        "userDefined": false
      }
    ],
    "isTemplate": false,
    "count": 0,
    "updated": 1535544718
  }
]