[
  {
    "id": "2749395f-9b5f-425d-a7a7-1e36bf5d792c",
    "data": [
      {
        "text": "jouer à ",
        "userDefined": false
      },
      {
        "text": "cube",
        "alias": "AvailableGames",
        "meta": "@AvailableGames",
        "userDefined": false
      }
    ],
    "isTemplate": false,
    "count": 0,
    "updated": 1535029113
  },
  {
    "id": "d0dbbf07-40e6-43da-abe3-eab9a20762ed",
    "data": [
      {
        "text": "cube",
        "alias": "AvailableGames",
        "meta": "@AvailableGames",
        "userDefined": false
      }
    ],
    "isTemplate": false,
    "count": 0,
    "updated": 1535029113
  }
]