[
  {
    "id": "76b143ab-0f6f-40b7-8b3c-306bbd16924f",
    "data": [
      {
        "text": "j\u0027aimerais bien jouer à ",
        "userDefined": false
      },
      {
        "text": "racine carrée",
        "alias": "AvailableGames",
        "meta": "@AvailableGames",
        "userDefined": false
      }
    ],
    "isTemplate": false,
    "count": 0,
    "updated": 0
  },
  {
    "id": "57522ec5-99ee-4111-ba35-8183f05d0db6",
    "data": [
      {
        "text": "racine carrée",
        "alias": "AvailableGames",
        "meta": "@AvailableGames",
        "userDefined": false
      }
    ],
    "isTemplate": false,
    "count": 0,
    "updated": 1535032422
  },
  {
    "id": "4e0b5b66-39eb-401f-b03f-abd0b70fb150",
    "data": [
      {
        "text": "Lancer ",
        "userDefined": false
      },
      {
        "text": "square root",
        "alias": "AvailableGames",
        "meta": "@AvailableGames",
        "userDefined": false
      }
    ],
    "isTemplate": false,
    "count": 0,
    "updated": 1535032422
  },
  {
    "id": "0a68052b-d7e1-4121-8951-bf95d6b54219",
    "data": [
      {
        "text": "Jouer à ",
        "userDefined": false
      },
      {
        "text": "racine carré",
        "alias": "AvailableGames",
        "meta": "@AvailableGames",
        "userDefined": false
      }
    ],
    "isTemplate": false,
    "count": 0,
    "updated": 1535032422
  },
  {
    "id": "fffc09fb-ef0c-410a-a90a-3fb88c1041ae",
    "data": [
      {
        "text": "Jouer à ",
        "userDefined": false
      },
      {
        "text": "racine carrée",
        "alias": "AvailableGames",
        "meta": "@AvailableGames",
        "userDefined": false
      }
    ],
    "isTemplate": false,
    "count": 0,
    "updated": 1535032422
  }
]