[
  {
    "id": "73b15aba-0b07-4b1c-8bef-62e33fa0bde3",
    "data": [
      {
        "text": "mental math 2",
        "alias": "AvailableGames",
        "meta": "@AvailableGames",
        "userDefined": false
      }
    ],
    "isTemplate": false,
    "count": 0,
    "updated": 1535639780
  },
  {
    "id": "903bab0c-d897-4822-9048-7ea9d17037c7",
    "data": [
      {
        "text": "jouer à ",
        "userDefined": false
      },
      {
        "text": "calcul mental 2",
        "alias": "AvailableGames",
        "meta": "@AvailableGames",
        "userDefined": false
      }
    ],
    "isTemplate": false,
    "count": 0,
    "updated": 1535639780
  }
]