[
  {
    "id": "d885cefa-a195-4d2c-974d-ce494d73c5a4",
    "data": [
      {
        "text": "Jouer à ",
        "userDefined": false
      },
      {
        "text": "racine cubique",
        "alias": "AvailableGames",
        "meta": "@AvailableGames",
        "userDefined": true
      }
    ],
    "isTemplate": false,
    "count": 1,
    "updated": 1535032384
  },
  {
    "id": "7feeb28f-1c43-4a3a-87ba-7697ae6e3af6",
    "data": [
      {
        "text": "racine cubique",
        "alias": "AvailableGames",
        "meta": "@AvailableGames",
        "userDefined": true
      }
    ],
    "isTemplate": false,
    "count": 0,
    "updated": 1535032384
  },
  {
    "id": "89457ca5-de7a-47a1-981e-841b18f59eea",
    "data": [
      {
        "text": "Lancer ",
        "userDefined": false
      },
      {
        "text": "racine cubique",
        "alias": "AvailableGames",
        "meta": "@AvailableGames",
        "userDefined": true
      }
    ],
    "isTemplate": false,
    "count": 0,
    "updated": 1535032384
  },
  {
    "id": "6719e54e-844c-429c-ad8b-e77e39c6e776",
    "data": [
      {
        "text": "Jouer à ",
        "userDefined": false
      },
      {
        "text": "cube root",
        "alias": "AvailableGames",
        "meta": "@AvailableGames",
        "userDefined": false
      }
    ],
    "isTemplate": false,
    "count": 0,
    "updated": 1535032331
  }
]