[
  {
    "id": "03ce86e0-ab9d-47e7-8464-1d22579bd881",
    "data": [
      {
        "text": "Jouer à ",
        "userDefined": false
      },
      {
        "text": "alphabet",
        "alias": "AvailableGames",
        "meta": "@AvailableGames",
        "userDefined": false
      }
    ],
    "isTemplate": false,
    "count": 1,
    "updated": 1535030354
  },
  {
    "id": "f01de2db-1c1e-42f0-a7d3-7e3c1652bc8c",
    "data": [
      {
        "text": "Lance ",
        "userDefined": false
      },
      {
        "text": "alphabet",
        "alias": "AvailableGames",
        "meta": "@AvailableGames",
        "userDefined": false
      }
    ],
    "isTemplate": false,
    "count": 1,
    "updated": 1535030354
  },
  {
    "id": "1aaae99f-0de5-4e8e-b0af-6898138ab7af",
    "data": [
      {
        "text": "Je veux jouer à ",
        "userDefined": false
      },
      {
        "text": "carré",
        "alias": "AvailableGames",
        "meta": "@AvailableGames",
        "userDefined": false
      }
    ],
    "isTemplate": false,
    "count": 0,
    "updated": 1535030354
  },
  {
    "id": "4cb58281-edb2-4753-9167-5c96d0a153ec",
    "data": [
      {
        "text": "Joue ",
        "userDefined": false
      },
      {
        "text": "cube",
        "alias": "AvailableGames",
        "meta": "@AvailableGames",
        "userDefined": false
      }
    ],
    "isTemplate": false,
    "count": 0,
    "updated": 1535030354
  },
  {
    "id": "6f4619ab-7f57-4fa0-b9d4-96985575cb23",
    "data": [
      {
        "text": "Jouer à ",
        "userDefined": false
      },
      {
        "text": "square",
        "alias": "AvailableGames",
        "meta": "@AvailableGames",
        "userDefined": false
      }
    ],
    "isTemplate": false,
    "count": 0,
    "updated": 1535030354
  }
]