[
  {
    "id": "8be667f4-c624-4187-acf7-d6866cf87a8e",
    "data": [
      {
        "text": "jouer à ",
        "userDefined": false
      },
      {
        "text": "alphabet",
        "alias": "AvailableGames",
        "meta": "@AvailableGames",
        "userDefined": false
      }
    ],
    "isTemplate": false,
    "count": 0,
    "updated": 1535029101
  },
  {
    "id": "8545ab23-2ff3-48de-83ca-8c41810c1c7a",
    "data": [
      {
        "text": "alphabet",
        "alias": "AvailableGames",
        "meta": "@AvailableGames",
        "userDefined": false
      }
    ],
    "isTemplate": false,
    "count": 0,
    "updated": 1535029101
  }
]