[
  {
    "id": "2e6169bf-837a-4888-9f6a-50088f71d9bf",
    "data": [
      {
        "text": "carré",
        "alias": "AvailableGames",
        "meta": "@AvailableGames",
        "userDefined": false
      }
    ],
    "isTemplate": false,
    "count": 0,
    "updated": 1535030945
  },
  {
    "id": "913998b8-8cff-42c7-ad74-5d65dd706043",
    "data": [
      {
        "text": "jouer à ",
        "userDefined": false
      },
      {
        "text": "square",
        "alias": "AvailableGames",
        "meta": "@AvailableGames",
        "userDefined": false
      }
    ],
    "isTemplate": false,
    "count": 0,
    "updated": 1535030945
  },
  {
    "id": "37304d94-4950-4235-b44a-d1ec3ebbdf65",
    "data": [
      {
        "text": "jouer à ",
        "userDefined": false
      },
      {
        "text": "carré",
        "alias": "AvailableGames",
        "meta": "@AvailableGames",
        "userDefined": false
      }
    ],
    "isTemplate": false,
    "count": 0,
    "updated": 1535030945
  }
]