[
  {
    "id": "f3e536a1-51b5-4088-8da3-d3aa183541e9",
    "data": [
      {
        "text": "ouvrir ",
        "userDefined": false
      },
      {
        "text": "calcul mental 1",
        "alias": "AvailableGames",
        "meta": "@AvailableGames",
        "userDefined": false
      }
    ],
    "isTemplate": false,
    "count": 0,
    "updated": 1535639754
  },
  {
    "id": "fe7fa274-0d12-49d3-920b-66540561a889",
    "data": [
      {
        "text": "calcul mental 1",
        "alias": "AvailableGames",
        "meta": "@AvailableGames",
        "userDefined": false
      }
    ],
    "isTemplate": false,
    "count": 0,
    "updated": 1535639754
  },
  {
    "id": "93709ee5-55c1-41c0-a260-efc12e107802",
    "data": [
      {
        "text": "Jouer à ",
        "userDefined": false
      },
      {
        "text": "calcul mental niveau 1",
        "alias": "AvailableGames",
        "meta": "@AvailableGames",
        "userDefined": false
      }
    ],
    "isTemplate": false,
    "count": 0,
    "updated": 1535639754
  }
]