[
  {
    "id": "8545ab23-2ff3-48de-83ca-8c41810c1c7a",
    "data": [
      {
        "text": "alphabet",
        "alias": "AvailableGames",
        "meta": "@AvailableGames",
        "userDefined": false
      }
    ],
    "isTemplate": false,
    "count": 4,
    "updated": 1535029101
  },
  {
    "id": "03ce86e0-ab9d-47e7-8464-1d22579bd881",
    "data": [
      {
        "text": "Jouer à ",
        "userDefined": false
      },
      {
        "text": "alphabet",
        "alias": "AvailableGames",
        "meta": "@AvailableGames",
        "userDefined": false
      }
    ],
    "isTemplate": false,
    "count": 2,
    "updated": 1535030354
  },
  {
    "id": "e967f455-2ebd-4226-a6cb-dac1e51d6e61",
    "data": [
      {
        "text": "mets ",
        "userDefined": false
      },
      {
        "text": "alphabet",
        "alias": "AvailableGames",
        "meta": "@AvailableGames",
        "userDefined": false
      }
    ],
    "isTemplate": false,
    "count": 1,
    "updated": 1535374907
  },
  {
    "id": "0d81e593-0339-4ff8-a8ed-c0a2ae83c44c",
    "data": [
      {
        "text": "play ",
        "userDefined": false
      },
      {
        "text": "alphabet",
        "alias": "AvailableGames",
        "meta": "@AvailableGames",
        "userDefined": false
      }
    ],
    "isTemplate": false,
    "count": 0,
    "updated": 1535374907
  },
  {
    "id": "6f76c61a-b633-47c5-915b-516a647b1711",
    "data": [
      {
        "text": "ouvrir ",
        "userDefined": false
      },
      {
        "text": "alphabet",
        "alias": "AvailableGames",
        "meta": "@AvailableGames",
        "userDefined": false
      }
    ],
    "isTemplate": false,
    "count": 0,
    "updated": 1535374907
  },
  {
    "id": "8be667f4-c624-4187-acf7-d6866cf87a8e",
    "data": [
      {
        "text": "jouer à ",
        "userDefined": false
      },
      {
        "text": "alphabet",
        "alias": "AvailableGames",
        "meta": "@AvailableGames",
        "userDefined": false
      }
    ],
    "isTemplate": false,
    "count": 0,
    "updated": 1535029101
  }
]