[
  {
    "id": "9a1b3ace-7584-476a-8a4f-9b7f0e5a2dd0",
    "data": [
      {
        "text": "play ",
        "userDefined": false
      },
      {
        "text": "cube",
        "alias": "AvailableGames",
        "meta": "@AvailableGames",
        "userDefined": false
      }
    ],
    "isTemplate": false,
    "count": 0,
    "updated": 1535029038
  },
  {
    "id": "79281758-2783-43dc-a32d-3c3758919591",
    "data": [
      {
        "text": "joue à ",
        "userDefined": false
      },
      {
        "text": "cube",
        "alias": "AvailableGames",
        "meta": "@AvailableGames",
        "userDefined": false
      }
    ],
    "isTemplate": false,
    "count": 0,
    "updated": 0
  },
  {
    "id": "4674aa3d-8291-4c3f-8d58-2c85c7083f7d",
    "data": [
      {
        "text": "je veux jouer à ",
        "userDefined": false
      },
      {
        "text": "cube",
        "alias": "AvailableGames",
        "meta": "@AvailableGames",
        "userDefined": false
      }
    ],
    "isTemplate": false,
    "count": 0,
    "updated": 0
  },
  {
    "id": "ffca4919-4ffb-4a46-b44d-0d7d26cca168",
    "data": [
      {
        "text": "lance le ",
        "userDefined": false
      },
      {
        "text": "jeu",
        "meta": "@sys.ignore",
        "userDefined": false
      },
      {
        "text": " de ",
        "userDefined": false
      },
      {
        "text": "cube",
        "alias": "AvailableGames",
        "meta": "@AvailableGames",
        "userDefined": false
      }
    ],
    "isTemplate": false,
    "count": 0,
    "updated": 1535619304
  },
  {
    "id": "2749395f-9b5f-425d-a7a7-1e36bf5d792c",
    "data": [
      {
        "text": "jouer à ",
        "userDefined": false
      },
      {
        "text": "cube",
        "alias": "AvailableGames",
        "meta": "@AvailableGames",
        "userDefined": false
      }
    ],
    "isTemplate": false,
    "count": 0,
    "updated": 1535029113
  },
  {
    "id": "d0dbbf07-40e6-43da-abe3-eab9a20762ed",
    "data": [
      {
        "text": "cube",
        "alias": "AvailableGames",
        "meta": "@AvailableGames",
        "userDefined": false
      }
    ],
    "isTemplate": false,
    "count": 0,
    "updated": 1535029113
  }
]