[
  {
    "id": "2e6169bf-837a-4888-9f6a-50088f71d9bf",
    "data": [
      {
        "text": "carré",
        "alias": "AvailableGames",
        "meta": "@AvailableGames",
        "userDefined": false
      }
    ],
    "isTemplate": false,
    "count": 1,
    "updated": 1535030945
  },
  {
    "id": "7b1911f4-d963-4167-93d2-e1bd3ace51c8",
    "data": [
      {
        "text": "lance ",
        "userDefined": false
      },
      {
        "text": "carré",
        "alias": "AvailableGames",
        "meta": "@AvailableGames",
        "userDefined": false
      }
    ],
    "isTemplate": false,
    "count": 0,
    "updated": 0
  },
  {
    "id": "37aa4441-1720-4f71-a329-46a351926a85",
    "data": [
      {
        "text": "je veux jouer à ",
        "userDefined": false
      },
      {
        "text": "squarer",
        "alias": "AvailableGames",
        "meta": "@AvailableGames",
        "userDefined": false
      }
    ],
    "isTemplate": false,
    "count": 0,
    "updated": 0
  },
  {
    "id": "913998b8-8cff-42c7-ad74-5d65dd706043",
    "data": [
      {
        "text": "jouer à ",
        "userDefined": false
      },
      {
        "text": "square",
        "alias": "AvailableGames",
        "meta": "@AvailableGames",
        "userDefined": false
      }
    ],
    "isTemplate": false,
    "count": 0,
    "updated": 1535030945
  },
  {
    "id": "37304d94-4950-4235-b44a-d1ec3ebbdf65",
    "data": [
      {
        "text": "jouer à ",
        "userDefined": false
      },
      {
        "text": "carré",
        "alias": "AvailableGames",
        "meta": "@AvailableGames",
        "userDefined": false
      }
    ],
    "isTemplate": false,
    "count": 0,
    "updated": 1535030945
  }
]