[
  {
    "id": "1ce8288d-8351-4a64-85b1-9dd20ca94cd5",
    "data": [
      {
        "text": "stop",
        "userDefined": false
      }
    ],
    "isTemplate": false,
    "count": 1,
    "updated": 1535030409
  },
  {
    "id": "e88b2772-7e60-4c1f-848a-f01df47ac491",
    "data": [
      {
        "text": "stoppez",
        "userDefined": false
      }
    ],
    "isTemplate": false,
    "count": 1,
    "updated": 1535030409
  },
  {
    "id": "3165535e-4dd2-4344-afc8-c5ee13b42fb7",
    "data": [
      {
        "text": "fermez",
        "userDefined": false
      }
    ],
    "isTemplate": false,
    "count": 0,
    "updated": 1535030409
  },
  {
    "id": "3744886d-602f-4ca7-bca0-245911207761",
    "data": [
      {
        "text": "ferme le ",
        "userDefined": false
      },
      {
        "text": "jeu",
        "alias": "date",
        "meta": "@sys.date",
        "userDefined": false
      }
    ],
    "isTemplate": false,
    "count": 0,
    "updated": 1535030409
  },
  {
    "id": "9df0aad1-ed3a-407b-811b-0ed6992ab556",
    "data": [
      {
        "text": "quit game",
        "userDefined": false
      }
    ],
    "isTemplate": false,
    "count": 0,
    "updated": 1535030409
  }
]