[
  {
    "id": "83c65048-9836-4da7-8081-61eecf8dd3fe",
    "data": [
      {
        "text": "house",
        "userDefined": false
      }
    ],
    "isTemplate": false,
    "count": 1,
    "updated": 0
  },
  {
    "id": "3821db6a-4b7e-48e3-b1c4-1170b5002d72",
    "data": [
      {
        "text": "manger des concombres",
        "userDefined": false
      }
    ],
    "isTemplate": false,
    "count": 1,
    "updated": 0
  },
  {
    "id": "0ede8922-f524-4a80-9c68-baba25c96500",
    "data": [
      {
        "text": "maison",
        "alias": "any",
        "meta": "@sys.any",
        "userDefined": true
      }
    ],
    "isTemplate": false,
    "count": 0,
    "updated": 1535030447
  },
  {
    "id": "feb0a1e4-a609-41c8-91d4-cafb0688581b",
    "data": [
      {
        "text": "manger",
        "alias": "any",
        "meta": "@sys.any",
        "userDefined": true
      }
    ],
    "isTemplate": false,
    "count": 0,
    "updated": 1535030447
  },
  {
    "id": "2ffdd4d4-f9a8-4a25-81cc-b97340897090",
    "data": [
      {
        "text": "chocolat",
        "alias": "any",
        "meta": "@sys.any",
        "userDefined": true
      }
    ],
    "isTemplate": false,
    "count": 0,
    "updated": 1535030447
  },
  {
    "id": "9a54f974-069c-403f-9cb0-06f2eadd0233",
    "data": [
      {
        "text": "christmas",
        "alias": "any",
        "meta": "@sys.any",
        "userDefined": true
      }
    ],
    "isTemplate": false,
    "count": 0,
    "updated": 1535030447
  },
  {
    "id": "6eb22438-137b-4dce-9f88-eeb45c1d34c8",
    "data": [
      {
        "text": "house",
        "alias": "any",
        "meta": "@sys.any",
        "userDefined": true
      }
    ],
    "isTemplate": false,
    "count": 0,
    "updated": 1535030447
  }
]